{"text": "\u4e00\u4e0b323\u672c\u66f8\u7e3d\u5171\u90841891\u5f35\u55ce\u6bcf\u672c\u66f8\u5341\u5f35\u90fd\u61c9\u8a72\u6709\u4e09\u5343\u591a\u5f35\u7684\u770b\u8d77\u4f86\u662f\u90fd\u6025\u4e86", "segments": [{"id": 0, "seek": 0, "start": 0.0, "end": 3.2, "text": "\u4e00\u4e0b323\u672c\u66f8", "tokens": [50364, 8861, 18, 9356, 8802, 29801, 50524], "temperature": 0.0, "avg_logprob": -0.5511141777038574, "compression_ratio": 0.9603960396039604, "no_speech_prob": 0.11915020644664764}, {"id": 1, "seek": 0, "start": 3.2, "end": 6.0, "text": "\u7e3d\u5171\u90841891\u5f35\u55ce", "tokens": [50524, 26575, 15408, 7824, 6494, 29925, 18889, 7434, 50664], "temperature": 0.0, "avg_logprob": -0.5511141777038574, "compression_ratio": 0.9603960396039604, "no_speech_prob": 0.11915020644664764}, {"id": 2, "seek": 0, "start": 6.0, "end": 8.6, "text": "\u6bcf\u672c\u66f8\u5341\u5f35\u90fd\u61c9\u8a72\u6709\u4e09\u5343\u591a\u5f35\u7684", "tokens": [50664, 23664, 8802, 29801, 20145, 18889, 7182, 26087, 2412, 10960, 20787, 6392, 18889, 1546, 50794], "temperature": 0.0, "avg_logprob": -0.5511141777038574, "compression_ratio": 0.9603960396039604, "no_speech_prob": 0.11915020644664764}, {"id": 3, "seek": 0, "start": 8.6, "end": 10.6, "text": "\u770b\u8d77\u4f86\u662f\u90fd\u6025\u4e86", "tokens": [50794, 4200, 21670, 1541, 7182, 36379, 2289, 50894], "temperature": 0.0, "avg_logprob": -0.5511141777038574, "compression_ratio": 0.9603960396039604, "no_speech_prob": 0.11915020644664764}], "language": "zh"}